datetime,day_of_week,fill_level,reset_counter
2024-01-01 08:00:00,0,0.89,0
2024-01-01 08:15:00,0,1.56,0
2024-01-01 08:30:00,0,2.67,0
2024-01-01 08:45:00,0,3.38,0
2024-01-01 09:00:00,0,4.03,0
2024-01-01 09:15:00,0,5.19,0
2024-01-01 09:30:00,0,6.48,0
2024-01-01 09:45:00,0,8.18,0
2024-01-01 10:00:00,0,10.21,0
2024-01-01 10:15:00,0,11.69,0
2024-01-01 10:30:00,0,13.92,0
2024-01-01 10:45:00,0,15.66,0
2024-01-01 11:00:00,0,17.08,0
2024-01-01 11:15:00,0,19.18,0
2024-01-01 11:30:00,0,21.22,0
2024-01-01 11:45:00,0,23.63,0
2024-01-01 12:00:00,0,31.64,0
2024-01-01 12:15:00,0,39.62,0
2024-01-01 12:30:00,0,47.55,0
2024-01-01 12:45:00,0,55.72,0
2024-01-01 13:00:00,0,63.81,0
2024-01-01 13:15:00,0,71.62,0
2024-01-01 13:30:00,0,79.85,0
2024-01-01 13:45:00,0,87.52,0
2024-01-01 14:00:00,0,90.48,0
2024-01-01 14:15:00,0,93.69,0
2024-01-01 14:30:00,0,96.38,0
2024-01-01 14:45:00,0,99.74,0
2024-01-01 15:00:00,0,100.0,0
2024-01-01 15:15:00,0,2.88,1
2024-01-01 15:30:00,0,5.72,1
2024-01-01 15:45:00,0,8.56,1
2024-01-01 16:00:00,0,11.99,1
2024-01-01 16:15:00,0,15.29,1
2024-01-01 16:30:00,0,18.41,1
2024-01-01 16:45:00,0,21.48,1
2024-01-01 17:00:00,0,23.07,1
2024-01-01 17:15:00,0,25.12,1
2024-01-01 17:30:00,0,26.61,1
2024-01-01 17:45:00,0,28.39,1
2024-01-01 18:00:00,0,29.74,1
2024-01-01 18:15:00,0,31.13,1
2024-01-01 18:30:00,0,32.64,1
2024-01-01 18:45:00,0,34.41,1
2024-01-01 19:00:00,0,35.95,1
2024-01-01 19:15:00,0,37.61,1
2024-01-01 19:30:00,0,39.36,1
2024-01-01 19:45:00,0,40.66,1
2024-01-01 20:00:00,0,41.5,1
2024-01-01 20:15:00,0,43.07,1
2024-01-01 20:30:00,0,44.21,1
2024-01-01 20:45:00,0,45.89,1
2024-01-01 21:00:00,0,47.3,1
2024-01-01 21:15:00,0,49.07,1
2024-01-01 21:30:00,0,50.54,1
2024-01-01 21:45:00,0,52.04,1
2024-01-01 22:00:00,0,53.43,1
2024-01-01 22:15:00,0,55.02,1
2024-01-01 22:30:00,0,56.11,1
2024-01-01 22:45:00,0,58.0,1
2024-01-02 08:00:00,1,59.0,1
2024-01-02 08:15:00,1,59.76,1
2024-01-02 08:30:00,1,60.79,1
2024-01-02 08:45:00,1,61.25,1
2024-01-02 09:00:00,1,62.84,1
2024-01-02 09:15:00,1,63.83,1
2024-01-02 09:30:00,1,64.5,1
2024-01-02 09:45:00,1,66.08,1
2024-01-02 10:00:00,1,68.54,1
2024-01-02 10:15:00,1,70.82,1
2024-01-02 10:30:00,1,72.17,1
2024-01-02 10:45:00,1,74.31,1
2024-01-02 11:00:00,1,75.96,1
2024-01-02 11:15:00,1,77.66,1
2024-01-02 11:30:00,1,79.17,1
2024-01-02 11:45:00,1,80.94,1
2024-01-02 12:00:00,1,88.54,1
2024-01-02 12:15:00,1,96.95,1
2024-01-02 12:30:00,1,100.0,1
2024-01-02 12:45:00,1,8.76,2
2024-01-02 13:00:00,1,16.93,2
2024-01-02 13:15:00,1,24.82,2
2024-01-02 13:30:00,1,33.17,2
2024-01-02 13:45:00,1,42.09,2
2024-01-02 14:00:00,1,44.82,2
2024-01-02 14:15:00,1,48.1,2
2024-01-02 14:30:00,1,51.14,2
2024-01-02 14:45:00,1,54.13,2
2024-01-02 15:00:00,1,56.84,2
2024-01-02 15:15:00,1,60.12,2
2024-01-02 15:30:00,1,63.02,2
2024-01-02 15:45:00,1,66.36,2
2024-01-02 16:00:00,1,69.33,2
2024-01-02 16:15:00,1,72.38,2
2024-01-02 16:30:00,1,75.6,2
2024-01-02 16:45:00,1,78.02,2
2024-01-02 17:00:00,1,79.35,2
2024-01-02 17:15:00,1,81.2,2
2024-01-02 17:30:00,1,82.5,2
2024-01-02 17:45:00,1,83.99,2
2024-01-02 18:00:00,1,84.98,2
2024-01-02 18:15:00,1,86.79,2
2024-01-02 18:30:00,1,88.13,2
2024-01-02 18:45:00,1,90.26,2
2024-01-02 19:00:00,1,91.78,2
2024-01-02 19:15:00,1,92.94,2
2024-01-02 19:30:00,1,94.01,2
2024-01-02 19:45:00,1,95.7,2
2024-01-02 20:00:00,1,97.35,2
2024-01-02 20:15:00,1,98.3,2
2024-01-02 20:30:00,1,99.79,2
2024-01-02 20:45:00,1,100.0,2
2024-01-02 21:00:00,1,1.35,3
2024-01-02 21:15:00,1,2.52,3
2024-01-02 21:30:00,1,4.17,3
2024-01-02 21:45:00,1,5.92,3
2024-01-02 22:00:00,1,7.79,3
2024-01-02 22:15:00,1,9.17,3
2024-01-02 22:30:00,1,11.19,3
2024-01-02 22:45:00,1,12.27,3
2024-01-03 08:00:00,2,13.29,3
2024-01-03 08:15:00,2,14.38,3
2024-01-03 08:30:00,2,14.96,3
2024-01-03 08:45:00,2,16.01,3
2024-01-03 09:00:00,2,16.98,3
2024-01-03 09:15:00,2,17.76,3
2024-01-03 09:30:00,2,18.81,3
2024-01-03 09:45:00,2,20.03,3
2024-01-03 10:00:00,2,22.05,3
2024-01-03 10:15:00,2,23.71,3
2024-01-03 10:30:00,2,25.1,3
2024-01-03 10:45:00,2,27.27,3
2024-01-03 11:00:00,2,29.33,3
2024-01-03 11:15:00,2,31.38,3
2024-01-03 11:30:00,2,33.38,3
2024-01-03 11:45:00,2,35.21,3
2024-01-03 12:00:00,2,43.3,3
2024-01-03 12:15:00,2,51.7,3
2024-01-03 12:30:00,2,60.12,3
2024-01-03 12:45:00,2,67.43,3
2024-01-03 13:00:00,2,74.91,3
2024-01-03 13:15:00,2,82.51,3
2024-01-03 13:30:00,2,90.81,3
2024-01-03 13:45:00,2,99.01,3
2024-01-03 14:00:00,2,100.0,3
2024-01-03 14:15:00,2,3.03,4
2024-01-03 14:30:00,2,5.71,4
2024-01-03 14:45:00,2,8.68,4
2024-01-03 15:00:00,2,11.82,4
2024-01-03 15:15:00,2,14.74,4
2024-01-03 15:30:00,2,18.65,4
2024-01-03 15:45:00,2,21.68,4
2024-01-03 16:00:00,2,24.92,4
2024-01-03 16:15:00,2,28.23,4
2024-01-03 16:30:00,2,31.08,4
2024-01-03 16:45:00,2,33.8,4
2024-01-03 17:00:00,2,35.67,4
2024-01-03 17:15:00,2,37.59,4
2024-01-03 17:30:00,2,39.59,4
2024-01-03 17:45:00,2,40.55,4
2024-01-03 18:00:00,2,41.79,4
2024-01-03 18:15:00,2,43.32,4
2024-01-03 18:30:00,2,44.81,4
2024-01-03 18:45:00,2,46.27,4
2024-01-03 19:00:00,2,47.66,4
2024-01-03 19:15:00,2,49.54,4
2024-01-03 19:30:00,2,51.1,4
2024-01-03 19:45:00,2,52.55,4
2024-01-03 20:00:00,2,53.91,4
2024-01-03 20:15:00,2,55.57,4
2024-01-03 20:30:00,2,56.63,4
2024-01-03 20:45:00,2,58.28,4
2024-01-03 21:00:00,2,59.65,4
2024-01-03 21:15:00,2,61.21,4
2024-01-03 21:30:00,2,62.41,4
2024-01-03 21:45:00,2,63.74,4
2024-01-03 22:00:00,2,65.35,4
2024-01-03 22:15:00,2,66.75,4
2024-01-03 22:30:00,2,68.09,4
2024-01-03 22:45:00,2,69.55,4
2024-01-04 08:00:00,3,70.7,4
2024-01-04 08:15:00,3,71.88,4
2024-01-04 08:30:00,3,73.31,4
2024-01-04 08:45:00,3,74.16,4
2024-01-04 09:00:00,3,74.45,4
2024-01-04 09:15:00,3,75.16,4
2024-01-04 09:30:00,3,76.21,4
2024-01-04 09:45:00,3,77.01,4
2024-01-04 10:00:00,3,78.57,4
2024-01-04 10:15:00,3,80.63,4
2024-01-04 10:30:00,3,82.91,4
2024-01-04 10:45:00,3,84.68,4
2024-01-04 11:00:00,3,86.14,4
2024-01-04 11:15:00,3,88.06,4
2024-01-04 11:30:00,3,89.98,4
2024-01-04 11:45:00,3,91.73,4
2024-01-04 12:00:00,3,99.82,4
2024-01-04 12:15:00,3,100.0,4
2024-01-04 12:30:00,3,8.46,5
2024-01-04 12:45:00,3,16.65,5
2024-01-04 13:00:00,3,24.91,5
2024-01-04 13:15:00,3,32.08,5
2024-01-04 13:30:00,3,40.14,5
2024-01-04 13:45:00,3,48.42,5
2024-01-04 14:00:00,3,51.17,5
2024-01-04 14:15:00,3,54.15,5
2024-01-04 14:30:00,3,57.5,5
2024-01-04 14:45:00,3,60.46,5
2024-01-04 15:00:00,3,63.56,5
2024-01-04 15:15:00,3,66.37,5
2024-01-04 15:30:00,3,69.15,5
2024-01-04 15:45:00,3,72.25,5
2024-01-04 16:00:00,3,75.42,5
2024-01-04 16:15:00,3,78.05,5
2024-01-04 16:30:00,3,81.09,5
2024-01-04 16:45:00,3,83.49,5
2024-01-04 17:00:00,3,84.6,5
2024-01-04 17:15:00,3,85.6,5
2024-01-04 17:30:00,3,87.73,5
2024-01-04 17:45:00,3,89.01,5
2024-01-04 18:00:00,3,90.3,5
2024-01-04 18:15:00,3,92.29,5
2024-01-04 18:30:00,3,94.02,5
2024-01-04 18:45:00,3,96.14,5
2024-01-04 19:00:00,3,98.27,5
2024-01-04 19:15:00,3,99.42,5
2024-01-04 19:30:00,3,100.0,5
2024-01-04 19:45:00,3,1.76,6
2024-01-04 20:00:00,3,3.27,6
2024-01-04 20:15:00,3,5.0,6
2024-01-04 20:30:00,3,6.58,6
2024-01-04 20:45:00,3,8.04,6
2024-01-04 21:00:00,3,10.14,6
2024-01-04 21:15:00,3,11.4,6
2024-01-04 21:30:00,3,13.34,6
2024-01-04 21:45:00,3,14.66,6
2024-01-04 22:00:00,3,16.75,6
2024-01-04 22:15:00,3,18.24,6
2024-01-04 22:30:00,3,20.25,6
2024-01-04 22:45:00,3,21.66,6
2024-01-05 08:00:00,4,22.82,6
2024-01-05 08:15:00,4,23.5,6
2024-01-05 08:30:00,4,24.67,6
2024-01-05 08:45:00,4,26.15,6
2024-01-05 09:00:00,4,26.69,6
2024-01-05 09:15:00,4,27.96,6
2024-01-05 09:30:00,4,29.03,6
2024-01-05 09:45:00,4,30.04,6
2024-01-05 10:00:00,4,32.35,6
2024-01-05 10:15:00,4,34.39,6
2024-01-05 10:30:00,4,36.31,6
2024-01-05 10:45:00,4,38.74,6
2024-01-05 11:00:00,4,40.48,6
2024-01-05 11:15:00,4,42.47,6
2024-01-05 11:30:00,4,44.38,6
2024-01-05 11:45:00,4,46.52,6
2024-01-05 12:00:00,4,54.37,6
2024-01-05 12:15:00,4,61.94,6
2024-01-05 12:30:00,4,69.66,6
2024-01-05 12:45:00,4,77.67,6
2024-01-05 13:00:00,4,85.73,6
2024-01-05 13:15:00,4,94.19,6
2024-01-05 13:30:00,4,100.0,6
2024-01-05 13:45:00,4,8.12,7
2024-01-05 14:00:00,4,11.06,7
2024-01-05 14:15:00,4,14.3,7
2024-01-05 14:30:00,4,17.96,7
2024-01-05 14:45:00,4,21.56,7
2024-01-05 15:00:00,4,24.6,7
2024-01-05 15:15:00,4,28.2,7
2024-01-05 15:30:00,4,31.0,7
2024-01-05 15:45:00,4,33.49,7
2024-01-05 16:00:00,4,35.83,7
2024-01-05 16:15:00,4,38.68,7
2024-01-05 16:30:00,4,41.67,7
2024-01-05 16:45:00,4,44.28,7
2024-01-05 17:00:00,4,46.07,7
2024-01-05 17:15:00,4,47.36,7
2024-01-05 17:30:00,4,48.78,7
2024-01-05 17:45:00,4,50.34,7
2024-01-05 18:00:00,4,51.65,7
2024-01-05 18:15:00,4,53.35,7
2024-01-05 18:30:00,4,54.73,7
2024-01-05 18:45:00,4,56.48,7
2024-01-05 19:00:00,4,57.6,7
2024-01-05 19:15:00,4,59.02,7
2024-01-05 19:30:00,4,61.32,7
2024-01-05 19:45:00,4,62.73,7
2024-01-05 20:00:00,4,64.09,7
2024-01-05 20:15:00,4,65.08,7
2024-01-05 20:30:00,4,66.55,7
2024-01-05 20:45:00,4,68.0,7
2024-01-05 21:00:00,4,69.42,7
2024-01-05 21:15:00,4,71.41,7
2024-01-05 21:30:00,4,72.73,7
2024-01-05 21:45:00,4,73.94,7
2024-01-05 22:00:00,4,75.19,7
2024-01-05 22:15:00,4,76.85,7
2024-01-05 22:30:00,4,78.45,7
2024-01-05 22:45:00,4,79.94,7
2024-01-06 08:00:00,5,81.11,7
2024-01-06 08:15:00,5,81.52,7
2024-01-06 08:30:00,5,82.17,7
2024-01-06 08:45:00,5,83.04,7
2024-01-06 09:00:00,5,83.64,7
2024-01-06 09:15:00,5,83.64,7
2024-01-06 09:30:00,5,84.34,7
2024-01-06 09:45:00,5,85.45,7
2024-01-06 10:00:00,5,85.55,7
2024-01-06 10:15:00,5,86.11,7
2024-01-06 10:30:00,5,86.86,7
2024-01-06 10:45:00,5,86.89,7
2024-01-06 11:00:00,5,86.89,7
2024-01-06 11:15:00,5,87.48,7
2024-01-06 11:30:00,5,87.97,7
2024-01-06 11:45:00,5,88.55,7
2024-01-06 12:00:00,5,89.82,7
2024-01-06 12:15:00,5,90.76,7
2024-01-06 12:30:00,5,91.84,7
2024-01-06 12:45:00,5,92.38,7
2024-01-06 13:00:00,5,93.5,7
2024-01-06 13:15:00,5,94.62,7
2024-01-06 13:30:00,5,95.43,7
2024-01-06 13:45:00,5,96.43,7
2024-01-06 14:00:00,5,97.41,7
2024-01-06 14:15:00,5,97.5,7
2024-01-06 14:30:00,5,98.34,7
2024-01-06 14:45:00,5,98.34,7
2024-01-06 15:00:00,5,99.05,7
2024-01-06 15:15:00,5,99.82,7
2024-01-06 15:30:00,5,100.0,7
2024-01-06 15:45:00,5,0.42,8
2024-01-06 16:00:00,5,0.44,8
2024-01-06 16:15:00,5,0.56,8
2024-01-06 16:30:00,5,0.82,8
2024-01-06 16:45:00,5,1.33,8
2024-01-06 17:00:00,5,1.65,8
2024-01-06 17:15:00,5,1.82,8
2024-01-06 17:30:00,5,1.99,8
2024-01-06 17:45:00,5,3.11,8
2024-01-06 18:00:00,5,3.57,8
2024-01-06 18:15:00,5,3.96,8
2024-01-06 18:30:00,5,4.25,8
2024-01-06 18:45:00,5,5.47,8
2024-01-06 19:00:00,5,5.86,8
2024-01-06 19:15:00,5,6.3,8
2024-01-06 19:30:00,5,7.24,8
2024-01-06 19:45:00,5,7.59,8
2024-01-06 20:00:00,5,7.59,8
2024-01-06 20:15:00,5,7.85,8
2024-01-06 20:30:00,5,7.98,8
2024-01-06 20:45:00,5,8.85,8
2024-01-06 21:00:00,5,9.19,8
2024-01-06 21:15:00,5,10.13,8
2024-01-06 21:30:00,5,10.64,8
2024-01-06 21:45:00,5,11.06,8
2024-01-06 22:00:00,5,11.45,8
2024-01-06 22:15:00,5,11.75,8
2024-01-06 22:30:00,5,12.48,8
2024-01-06 22:45:00,5,13.06,8
2024-01-07 08:00:00,6,13.26,8
2024-01-07 08:15:00,6,13.72,8
2024-01-07 08:30:00,6,14.43,8
2024-01-07 08:45:00,6,14.86,8
2024-01-07 09:00:00,6,15.53,8
2024-01-07 09:15:00,6,15.53,8
2024-01-07 09:30:00,6,15.53,8
2024-01-07 09:45:00,6,15.85,8
2024-01-07 10:00:00,6,15.89,8
2024-01-07 10:15:00,6,15.89,8
2024-01-07 10:30:00,6,16.44,8
2024-01-07 10:45:00,6,17.27,8
2024-01-07 11:00:00,6,17.86,8
2024-01-07 11:15:00,6,18.08,8
2024-01-07 11:30:00,6,18.58,8
2024-01-07 11:45:00,6,19.28,8
2024-01-07 12:00:00,6,19.81,8
2024-01-07 12:15:00,6,20.57,8
2024-01-07 12:30:00,6,21.96,8
2024-01-07 12:45:00,6,22.83,8
2024-01-07 13:00:00,6,24.01,8
2024-01-07 13:15:00,6,25.46,8
2024-01-07 13:30:00,6,26.12,8
2024-01-07 13:45:00,6,26.94,8
2024-01-07 14:00:00,6,27.5,8
2024-01-07 14:15:00,6,27.91,8
2024-01-07 14:30:00,6,28.52,8
2024-01-07 14:45:00,6,29.02,8
2024-01-07 15:00:00,6,30.04,8
2024-01-07 15:15:00,6,30.37,8
2024-01-07 15:30:00,6,30.65,8
2024-01-07 15:45:00,6,31.12,8
2024-01-07 16:00:00,6,32.07,8
2024-01-07 16:15:00,6,32.96,8
2024-01-07 16:30:00,6,33.63,8
2024-01-07 16:45:00,6,34.28,8
2024-01-07 17:00:00,6,34.28,8
2024-01-07 17:15:00,6,34.75,8
2024-01-07 17:30:00,6,34.89,8
2024-01-07 17:45:00,6,36.02,8
2024-01-07 18:00:00,6,36.64,8
2024-01-07 18:15:00,6,37.26,8
2024-01-07 18:30:00,6,37.67,8
2024-01-07 18:45:00,6,38.2,8
2024-01-07 19:00:00,6,38.69,8
2024-01-07 19:15:00,6,39.19,8
2024-01-07 19:30:00,6,39.58,8
2024-01-07 19:45:00,6,39.58,8
2024-01-07 20:00:00,6,39.9,8
2024-01-07 20:15:00,6,40.11,8
2024-01-07 20:30:00,6,40.61,8
2024-01-07 20:45:00,6,41.14,8
2024-01-07 21:00:00,6,41.6,8
2024-01-07 21:15:00,6,41.6,8
2024-01-07 21:30:00,6,41.91,8
2024-01-07 21:45:00,6,42.33,8
2024-01-07 22:00:00,6,43.14,8
2024-01-07 22:15:00,6,43.53,8
2024-01-07 22:30:00,6,43.78,8
2024-01-07 22:45:00,6,44.36,8
2024-01-08 08:00:00,0,45.78,8
2024-01-08 08:15:00,0,46.54,8
2024-01-08 08:30:00,0,47.82,8
2024-01-08 08:45:00,0,48.51,8
2024-01-08 09:00:00,0,49.42,8
2024-01-08 09:15:00,0,50.39,8
2024-01-08 09:30:00,0,51.4,8
2024-01-08 09:45:00,0,52.76,8
2024-01-08 10:00:00,0,54.36,8
2024-01-08 10:15:00,0,56.76,8
2024-01-08 10:30:00,0,58.33,8
2024-01-08 10:45:00,0,60.25,8
2024-01-08 11:00:00,0,62.0,8
2024-01-08 11:15:00,0,64.21,8
2024-01-08 11:30:00,0,65.97,8
2024-01-08 11:45:00,0,68.16,8
2024-01-08 12:00:00,0,76.03,8
2024-01-08 12:15:00,0,83.96,8
2024-01-08 12:30:00,0,92.52,8
2024-01-08 12:45:00,0,100.0,8
2024-01-08 13:00:00,0,7.69,9
2024-01-08 13:15:00,0,15.58,9
2024-01-08 13:30:00,0,23.69,9
2024-01-08 13:45:00,0,31.87,9
2024-01-08 14:00:00,0,34.62,9
2024-01-08 14:15:00,0,37.84,9
2024-01-08 14:30:00,0,40.75,9
2024-01-08 14:45:00,0,43.81,9
2024-01-08 15:00:00,0,47.18,9
2024-01-08 15:15:00,0,49.61,9
2024-01-08 15:30:00,0,52.67,9
2024-01-08 15:45:00,0,55.77,9
2024-01-08 16:00:00,0,58.91,9
2024-01-08 16:15:00,0,61.74,9
2024-01-08 16:30:00,0,64.61,9
2024-01-08 16:45:00,0,67.64,9
2024-01-08 17:00:00,0,68.9,9
2024-01-08 17:15:00,0,70.01,9
2024-01-08 17:30:00,0,71.56,9
2024-01-08 17:45:00,0,73.32,9
2024-01-08 18:00:00,0,75.09,9
2024-01-08 18:15:00,0,76.44,9
2024-01-08 18:30:00,0,78.28,9
2024-01-08 18:45:00,0,79.34,9
2024-01-08 19:00:00,0,81.06,9
2024-01-08 19:15:00,0,82.58,9
2024-01-08 19:30:00,0,84.37,9
2024-01-08 19:45:00,0,85.73,9
2024-01-08 20:00:00,0,86.77,9
2024-01-08 20:15:00,0,88.43,9
2024-01-08 20:30:00,0,90.5,9
2024-01-08 20:45:00,0,92.16,9
2024-01-08 21:00:00,0,93.72,9
2024-01-08 21:15:00,0,95.34,9
2024-01-08 21:30:00,0,96.91,9
2024-01-08 21:45:00,0,98.19,9
2024-01-08 22:00:00,0,100.0,9
2024-01-08 22:15:00,0,0.94,10
2024-01-08 22:30:00,0,2.6,10
2024-01-08 22:45:00,0,4.36,10
2024-01-09 08:00:00,1,4.67,10
2024-01-09 08:15:00,1,6.34,10
2024-01-09 08:30:00,1,6.87,10
2024-01-09 08:45:00,1,7.89,10
2024-01-09 09:00:00,1,8.57,10
2024-01-09 09:15:00,1,9.48,10
2024-01-09 09:30:00,1,10.9,10
2024-01-09 09:45:00,1,12.65,10
2024-01-09 10:00:00,1,14.22,10
2024-01-09 10:15:00,1,16.82,10
2024-01-09 10:30:00,1,18.6,10
2024-01-09 10:45:00,1,20.27,10
2024-01-09 11:00:00,1,22.47,10
2024-01-09 11:15:00,1,23.95,10
2024-01-09 11:30:00,1,25.91,10
2024-01-09 11:45:00,1,27.77,10
2024-01-09 12:00:00,1,36.03,10
2024-01-09 12:15:00,1,44.47,10
2024-01-09 12:30:00,1,52.9,10
2024-01-09 12:45:00,1,60.77,10
2024-01-09 13:00:00,1,68.94,10
2024-01-09 13:15:00,1,77.11,10
2024-01-09 13:30:00,1,85.17,10
2024-01-09 13:45:00,1,93.18,10
2024-01-09 14:00:00,1,96.69,10
2024-01-09 14:15:00,1,100.0,10
2024-01-09 14:30:00,1,2.49,11
2024-01-09 14:45:00,1,5.71,11
2024-01-09 15:00:00,1,9.03,11
2024-01-09 15:15:00,1,11.86,11
2024-01-09 15:30:00,1,15.35,11
2024-01-09 15:45:00,1,18.6,11
2024-01-09 16:00:00,1,21.71,11
2024-01-09 16:15:00,1,24.47,11
2024-01-09 16:30:00,1,27.23,11
2024-01-09 16:45:00,1,30.29,11
2024-01-09 17:00:00,1,31.62,11
2024-01-09 17:15:00,1,33.19,11
2024-01-09 17:30:00,1,34.54,11
2024-01-09 17:45:00,1,36.43,11
2024-01-09 18:00:00,1,37.63,11
2024-01-09 18:15:00,1,39.51,11
2024-01-09 18:30:00,1,41.46,11
2024-01-09 18:45:00,1,42.33,11
2024-01-09 19:00:00,1,43.82,11
2024-01-09 19:15:00,1,45.47,11
2024-01-09 19:30:00,1,46.89,11
2024-01-09 19:45:00,1,47.64,11
2024-01-09 20:00:00,1,49.18,11
2024-01-09 20:15:00,1,50.79,11
2024-01-09 20:30:00,1,52.7,11
2024-01-09 20:45:00,1,54.12,11
2024-01-09 21:00:00,1,55.54,11
2024-01-09 21:15:00,1,57.41,11
2024-01-09 21:30:00,1,58.07,11
2024-01-09 21:45:00,1,59.6,11
2024-01-09 22:00:00,1,60.68,11
2024-01-09 22:15:00,1,62.6,11
2024-01-09 22:30:00,1,63.72,11
2024-01-09 22:45:00,1,64.83,11
2024-01-10 08:00:00,2,65.58,11
2024-01-10 08:15:00,2,66.83,11
2024-01-10 08:30:00,2,67.66,11
2024-01-10 08:45:00,2,68.6,11
2024-01-10 09:00:00,2,69.56,11
2024-01-10 09:15:00,2,70.79,11
2024-01-10 09:30:00,2,71.62,11
2024-01-10 09:45:00,2,72.72,11
2024-01-10 10:00:00,2,74.63,11
2024-01-10 10:15:00,2,77.08,11
2024-01-10 10:30:00,2,79.31,11
2024-01-10 10:45:00,2,81.07,11
2024-01-10 11:00:00,2,83.18,11
2024-01-10 11:15:00,2,85.46,11
2024-01-10 11:30:00,2,87.74,11
2024-01-10 11:45:00,2,90.12,11
2024-01-10 12:00:00,2,98.45,11
2024-01-10 12:15:00,2,100.0,11
2024-01-10 12:30:00,2,8.06,12
2024-01-10 12:45:00,2,16.16,12
2024-01-10 13:00:00,2,24.07,12
2024-01-10 13:15:00,2,32.32,12
2024-01-10 13:30:00,2,40.22,12
2024-01-10 13:45:00,2,48.19,12
2024-01-10 14:00:00,2,50.91,12
2024-01-10 14:15:00,2,54.14,12
2024-01-10 14:30:00,2,57.46,12
2024-01-10 14:45:00,2,60.22,12
2024-01-10 15:00:00,2,62.84,12
2024-01-10 15:15:00,2,65.7,12
2024-01-10 15:30:00,2,68.73,12
2024-01-10 15:45:00,2,71.42,12
2024-01-10 16:00:00,2,74.27,12
2024-01-10 16:15:00,2,77.45,12
2024-01-10 16:30:00,2,80.36,12
2024-01-10 16:45:00,2,83.06,12
2024-01-10 17:00:00,2,84.48,12
2024-01-10 17:15:00,2,86.36,12
2024-01-10 17:30:00,2,87.72,12
2024-01-10 17:45:00,2,89.13,12
2024-01-10 18:00:00,2,91.26,12
2024-01-10 18:15:00,2,93.01,12
2024-01-10 18:30:00,2,94.56,12
2024-01-10 18:45:00,2,95.93,12
2024-01-10 19:00:00,2,97.43,12
2024-01-10 19:15:00,2,98.22,12
2024-01-10 19:30:00,2,99.11,12
2024-01-10 19:45:00,2,100.0,12
2024-01-10 20:00:00,2,1.45,13
2024-01-10 20:15:00,2,3.03,13
2024-01-10 20:30:00,2,4.54,13
2024-01-10 20:45:00,2,5.87,13
2024-01-10 21:00:00,2,6.79,13
2024-01-10 21:15:00,2,8.19,13
2024-01-10 21:30:00,2,9.27,13
2024-01-10 21:45:00,2,10.97,13
2024-01-10 22:00:00,2,12.31,13
2024-01-10 22:15:00,2,13.89,13
2024-01-10 22:30:00,2,15.64,13
2024-01-10 22:45:00,2,16.97,13
2024-01-11 08:00:00,3,17.93,13
2024-01-11 08:15:00,3,18.91,13
2024-01-11 08:30:00,3,19.56,13
2024-01-11 08:45:00,3,20.63,13
2024-01-11 09:00:00,3,21.84,13
2024-01-11 09:15:00,3,22.55,13
2024-01-11 09:30:00,3,23.39,13
2024-01-11 09:45:00,3,24.14,13
2024-01-11 10:00:00,3,26.46,13
2024-01-11 10:15:00,3,28.36,13
2024-01-11 10:30:00,3,30.41,13
2024-01-11 10:45:00,3,33.0,13
2024-01-11 11:00:00,3,34.77,13
2024-01-11 11:15:00,3,37.04,13
2024-01-11 11:30:00,3,39.15,13
2024-01-11 11:45:00,3,41.57,13
2024-01-11 12:00:00,3,49.92,13
2024-01-11 12:15:00,3,57.79,13
2024-01-11 12:30:00,3,65.57,13
2024-01-11 12:45:00,3,73.36,13
2024-01-11 13:00:00,3,81.78,13
2024-01-11 13:15:00,3,90.13,13
2024-01-11 13:30:00,3,98.52,13
2024-01-11 13:45:00,3,100.0,13
2024-01-11 14:00:00,3,2.92,14
2024-01-11 14:15:00,3,5.51,14
2024-01-11 14:30:00,3,8.17,14
2024-01-11 14:45:00,3,10.92,14
2024-01-11 15:00:00,3,14.17,14
2024-01-11 15:15:00,3,17.01,14
2024-01-11 15:30:00,3,20.06,14
2024-01-11 15:45:00,3,22.77,14
2024-01-11 16:00:00,3,25.64,14
2024-01-11 16:15:00,3,28.93,14
2024-01-11 16:30:00,3,32.08,14
2024-01-11 16:45:00,3,35.48,14
2024-01-11 17:00:00,3,37.36,14
2024-01-11 17:15:00,3,38.54,14
2024-01-11 17:30:00,3,40.33,14
2024-01-11 17:45:00,3,41.82,14
2024-01-11 18:00:00,3,43.29,14
2024-01-11 18:15:00,3,44.21,14
2024-01-11 18:30:00,3,45.86,14
2024-01-11 18:45:00,3,47.15,14
2024-01-11 19:00:00,3,48.16,14
2024-01-11 19:15:00,3,49.34,14
2024-01-11 19:30:00,3,51.02,14
2024-01-11 19:45:00,3,52.79,14
2024-01-11 20:00:00,3,54.0,14
2024-01-11 20:15:00,3,55.91,14
2024-01-11 20:30:00,3,57.58,14
2024-01-11 20:45:00,3,59.26,14
2024-01-11 21:00:00,3,60.63,14
2024-01-11 21:15:00,3,61.85,14
2024-01-11 21:30:00,3,63.27,14
2024-01-11 21:45:00,3,64.16,14
2024-01-11 22:00:00,3,65.58,14
2024-01-11 22:15:00,3,67.06,14
2024-01-11 22:30:00,3,68.71,14
2024-01-11 22:45:00,3,70.32,14
2024-01-12 08:00:00,4,71.6,14
2024-01-12 08:15:00,4,72.83,14
2024-01-12 08:30:00,4,74.22,14
2024-01-12 08:45:00,4,75.25,14
2024-01-12 09:00:00,4,76.51,14
2024-01-12 09:15:00,4,77.24,14
2024-01-12 09:30:00,4,78.13,14
2024-01-12 09:45:00,4,79.19,14
2024-01-12 10:00:00,4,81.7,14
2024-01-12 10:15:00,4,83.45,14
2024-01-12 10:30:00,4,84.88,14
2024-01-12 10:45:00,4,86.89,14
2024-01-12 11:00:00,4,88.99,14
2024-01-12 11:15:00,4,91.06,14
2024-01-12 11:30:00,4,93.32,14
2024-01-12 11:45:00,4,95.24,14
2024-01-12 12:00:00,4,100.0,14
2024-01-12 12:15:00,4,8.18,15
2024-01-12 12:30:00,4,16.24,15
2024-01-12 12:45:00,4,24.38,15
2024-01-12 13:00:00,4,32.88,15
2024-01-12 13:15:00,4,40.87,15
2024-01-12 13:30:00,4,48.98,15
2024-01-12 13:45:00,4,57.0,15
2024-01-12 14:00:00,4,60.04,15
2024-01-12 14:15:00,4,63.49,15
2024-01-12 14:30:00,4,66.34,15
2024-01-12 14:45:00,4,69.53,15
2024-01-12 15:00:00,4,72.55,15
2024-01-12 15:15:00,4,75.76,15
2024-01-12 15:30:00,4,78.86,15
2024-01-12 15:45:00,4,81.68,15
2024-01-12 16:00:00,4,84.48,15
2024-01-12 16:15:00,4,87.95,15
2024-01-12 16:30:00,4,91.11,15
2024-01-12 16:45:00,4,94.04,15
2024-01-12 17:00:00,4,95.81,15
2024-01-12 17:15:00,4,97.41,15
2024-01-12 17:30:00,4,98.88,15
2024-01-12 17:45:00,4,100.0,15
2024-01-12 18:00:00,4,1.26,16
2024-01-12 18:15:00,4,2.46,16
2024-01-12 18:30:00,4,4.34,16
2024-01-12 18:45:00,4,5.82,16
2024-01-12 19:00:00,4,7.46,16
2024-01-12 19:15:00,4,8.97,16
2024-01-12 19:30:00,4,10.23,16
2024-01-12 19:45:00,4,11.46,16
2024-01-12 20:00:00,4,12.89,16
2024-01-12 20:15:00,4,14.22,16
2024-01-12 20:30:00,4,15.35,16
2024-01-12 20:45:00,4,16.89,16
2024-01-12 21:00:00,4,18.73,16
2024-01-12 21:15:00,4,19.61,16
2024-01-12 21:30:00,4,20.96,16
2024-01-12 21:45:00,4,22.45,16
2024-01-12 22:00:00,4,23.82,16
2024-01-12 22:15:00,4,25.31,16
2024-01-12 22:30:00,4,26.02,16
2024-01-12 22:45:00,4,27.88,16
2024-01-13 08:00:00,5,28.73,16
2024-01-13 08:15:00,5,29.47,16
2024-01-13 08:30:00,5,29.88,16
2024-01-13 08:45:00,5,30.58,16
2024-01-13 09:00:00,5,30.99,16
2024-01-13 09:15:00,5,31.7,16
2024-01-13 09:30:00,5,31.83,16
2024-01-13 09:45:00,5,32.01,16
2024-01-13 10:00:00,5,32.2,16
2024-01-13 10:15:00,5,32.81,16
2024-01-13 10:30:00,5,33.15,16
2024-01-13 10:45:00,5,33.77,16
2024-01-13 11:00:00,5,33.96,16
2024-01-13 11:15:00,5,34.31,16
2024-01-13 11:30:00,5,34.52,16
2024-01-13 11:45:00,5,34.79,16
2024-01-13 12:00:00,5,35.77,16
2024-01-13 12:15:00,5,36.72,16
2024-01-13 12:30:00,5,38.41,16
2024-01-13 12:45:00,5,39.32,16
2024-01-13 13:00:00,5,40.34,16
2024-01-13 13:15:00,5,41.17,16
2024-01-13 13:30:00,5,42.47,16
2024-01-13 13:45:00,5,43.94,16
2024-01-13 14:00:00,5,44.57,16
2024-01-13 14:15:00,5,45.23,16
2024-01-13 14:30:00,5,46.25,16
2024-01-13 14:45:00,5,46.94,16
2024-01-13 15:00:00,5,47.55,16
2024-01-13 15:15:00,5,48.08,16
2024-01-13 15:30:00,5,48.98,16
2024-01-13 15:45:00,5,49.08,16
2024-01-13 16:00:00,5,49.38,16
2024-01-13 16:15:00,5,50.0,16
2024-01-13 16:30:00,5,50.17,16
2024-01-13 16:45:00,5,50.71,16
2024-01-13 17:00:00,5,51.62,16
2024-01-13 17:15:00,5,52.05,16
2024-01-13 17:30:00,5,53.22,16
2024-01-13 17:45:00,5,53.26,16
2024-01-13 18:00:00,5,53.38,16
2024-01-13 18:15:00,5,54.08,16
2024-01-13 18:30:00,5,54.84,16
2024-01-13 18:45:00,5,55.31,16
2024-01-13 19:00:00,5,55.58,16
2024-01-13 19:15:00,5,56.36,16
2024-01-13 19:30:00,5,56.58,16
2024-01-13 19:45:00,5,56.86,16
2024-01-13 20:00:00,5,57.53,16
2024-01-13 20:15:00,5,58.44,16
2024-01-13 20:30:00,5,59.23,16
2024-01-13 20:45:00,5,60.11,16
2024-01-13 21:00:00,5,60.62,16
2024-01-13 21:15:00,5,61.21,16
2024-01-13 21:30:00,5,61.78,16
2024-01-13 21:45:00,5,61.85,16
2024-01-13 22:00:00,5,62.31,16
2024-01-13 22:15:00,5,63.37,16
2024-01-13 22:30:00,5,63.87,16
2024-01-13 22:45:00,5,64.31,16
2024-01-14 08:00:00,6,65.21,16
2024-01-14 08:15:00,6,65.62,16
2024-01-14 08:30:00,6,66.01,16
2024-01-14 08:45:00,6,66.3,16
2024-01-14 09:00:00,6,66.63,16
2024-01-14 09:15:00,6,67.27,16
2024-01-14 09:30:00,6,68.37,16
2024-01-14 09:45:00,6,68.74,16
2024-01-14 10:00:00,6,69.55,16
2024-01-14 10:15:00,6,70.23,16
2024-01-14 10:30:00,6,71.14,16
2024-01-14 10:45:00,6,71.89,16
2024-01-14 11:00:00,6,72.25,16
2024-01-14 11:15:00,6,73.0,16
2024-01-14 11:30:00,6,73.39,16
2024-01-14 11:45:00,6,74.1,16
2024-01-14 12:00:00,6,75.19,16
2024-01-14 12:15:00,6,76.01,16
2024-01-14 12:30:00,6,76.63,16
2024-01-14 12:45:00,6,77.28,16
2024-01-14 13:00:00,6,78.53,16
2024-01-14 13:15:00,6,79.57,16
2024-01-14 13:30:00,6,81.11,16
2024-01-14 13:45:00,6,82.47,16
2024-01-14 14:00:00,6,83.26,16
2024-01-14 14:15:00,6,83.38,16
2024-01-14 14:30:00,6,83.85,16
2024-01-14 14:45:00,6,84.26,16
2024-01-14 15:00:00,6,84.37,16
2024-01-14 15:15:00,6,84.97,16
2024-01-14 15:30:00,6,85.4,16
2024-01-14 15:45:00,6,85.78,16
2024-01-14 16:00:00,6,85.78,16
2024-01-14 16:15:00,6,86.01,16
2024-01-14 16:30:00,6,86.81,16
2024-01-14 16:45:00,6,87.48,16
2024-01-14 17:00:00,6,88.12,16
2024-01-14 17:15:00,6,88.6,16
2024-01-14 17:30:00,6,89.47,16
2024-01-14 17:45:00,6,90.29,16
2024-01-14 18:00:00,6,90.57,16
2024-01-14 18:15:00,6,90.73,16
2024-01-14 18:30:00,6,91.15,16
2024-01-14 18:45:00,6,91.39,16
2024-01-14 19:00:00,6,91.54,16
2024-01-14 19:15:00,6,91.86,16
2024-01-14 19:30:00,6,92.71,16
2024-01-14 19:45:00,6,93.36,16
2024-01-14 20:00:00,6,94.21,16
2024-01-14 20:15:00,6,95.05,16
2024-01-14 20:30:00,6,95.95,16
2024-01-14 20:45:00,6,96.22,16
2024-01-14 21:00:00,6,96.35,16
2024-01-14 21:15:00,6,96.54,16
2024-01-14 21:30:00,6,97.2,16
2024-01-14 21:45:00,6,97.73,16
2024-01-14 22:00:00,6,98.55,16
2024-01-14 22:15:00,6,99.19,16
2024-01-14 22:30:00,6,99.93,16
2024-01-14 22:45:00,6,100.0,16
2024-01-15 08:00:00,0,1.11,17
2024-01-15 08:15:00,0,2.3,17
2024-01-15 08:30:00,0,3.55,17
2024-01-15 08:45:00,0,4.7,17
2024-01-15 09:00:00,0,5.97,17
2024-01-15 09:15:00,0,6.6,17
2024-01-15 09:30:00,0,7.3,17
2024-01-15 09:45:00,0,8.71,17
2024-01-15 10:00:00,0,10.99,17
2024-01-15 10:15:00,0,13.05,17
2024-01-15 10:30:00,0,15.01,17
2024-01-15 10:45:00,0,16.89,17
2024-01-15 11:00:00,0,18.88,17
2024-01-15 11:15:00,0,21.23,17
2024-01-15 11:30:00,0,23.09,17
2024-01-15 11:45:00,0,25.45,17
2024-01-15 12:00:00,0,33.36,17
2024-01-15 12:15:00,0,41.08,17
2024-01-15 12:30:00,0,49.1,17
2024-01-15 12:45:00,0,57.2,17
2024-01-15 13:00:00,0,65.49,17
2024-01-15 13:15:00,0,73.44,17
2024-01-15 13:30:00,0,81.72,17
2024-01-15 13:45:00,0,89.76,17
2024-01-15 14:00:00,0,93.0,17
2024-01-15 14:15:00,0,95.69,17
2024-01-15 14:30:00,0,98.76,17
2024-01-15 14:45:00,0,100.0,17
2024-01-15 15:00:00,0,3.03,18
2024-01-15 15:15:00,0,6.43,18
2024-01-15 15:30:00,0,9.05,18
2024-01-15 15:45:00,0,12.2,18
2024-01-15 16:00:00,0,15.05,18
2024-01-15 16:15:00,0,17.89,18
2024-01-15 16:30:00,0,20.95,18
2024-01-15 16:45:00,0,23.96,18
2024-01-15 17:00:00,0,25.16,18
2024-01-15 17:15:00,0,26.49,18
2024-01-15 17:30:00,0,27.75,18
2024-01-15 17:45:00,0,29.44,18
2024-01-15 18:00:00,0,31.09,18
2024-01-15 18:15:00,0,32.86,18
2024-01-15 18:30:00,0,34.25,18
2024-01-15 18:45:00,0,35.67,18
2024-01-15 19:00:00,0,37.13,18
2024-01-15 19:15:00,0,38.35,18
2024-01-15 19:30:00,0,40.33,18
2024-01-15 19:45:00,0,41.32,18
2024-01-15 20:00:00,0,42.69,18
2024-01-15 20:15:00,0,44.0,18
2024-01-15 20:30:00,0,45.23,18
2024-01-15 20:45:00,0,46.67,18
2024-01-15 21:00:00,0,48.06,18
2024-01-15 21:15:00,0,49.01,18
2024-01-15 21:30:00,0,50.39,18
2024-01-15 21:45:00,0,51.6,18
2024-01-15 22:00:00,0,53.13,18
2024-01-15 22:15:00,0,54.59,18
2024-01-15 22:30:00,0,56.11,18
2024-01-15 22:45:00,0,57.94,18
2024-01-16 08:00:00,1,59.05,18
2024-01-16 08:15:00,1,59.81,18
2024-01-16 08:30:00,1,60.85,18
2024-01-16 08:45:00,1,61.64,18
2024-01-16 09:00:00,1,63.11,18
2024-01-16 09:15:00,1,63.87,18
2024-01-16 09:30:00,1,64.45,18
2024-01-16 09:45:00,1,64.9,18
2024-01-16 10:00:00,1,67.22,18
2024-01-16 10:15:00,1,68.85,18
2024-01-16 10:30:00,1,70.69,18
2024-01-16 10:45:00,1,72.71,18
2024-01-16 11:00:00,1,74.53,18
2024-01-16 11:15:00,1,75.93,18
2024-01-16 11:30:00,1,77.65,18
2024-01-16 11:45:00,1,79.69,18
2024-01-16 12:00:00,1,87.74,18
2024-01-16 12:15:00,1,95.72,18
2024-01-16 12:30:00,1,100.0,18
2024-01-16 12:45:00,1,7.89,19
2024-01-16 13:00:00,1,16.19,19
2024-01-16 13:15:00,1,24.13,19
2024-01-16 13:30:00,1,32.77,19
2024-01-16 13:45:00,1,40.82,19
2024-01-16 14:00:00,1,44.14,19
2024-01-16 14:15:00,1,46.58,19
2024-01-16 14:30:00,1,49.37,19
2024-01-16 14:45:00,1,51.87,19
2024-01-16 15:00:00,1,54.76,19
2024-01-16 15:15:00,1,57.69,19
2024-01-16 15:30:00,1,61.34,19
2024-01-16 15:45:00,1,64.65,19
2024-01-16 16:00:00,1,67.48,19
2024-01-16 16:15:00,1,69.97,19
2024-01-16 16:30:00,1,72.86,19
2024-01-16 16:45:00,1,75.51,19
2024-01-16 17:00:00,1,77.2,19
2024-01-16 17:15:00,1,79.01,19
2024-01-16 17:30:00,1,80.62,19
2024-01-16 17:45:00,1,82.08,19
2024-01-16 18:00:00,1,83.74,19
2024-01-16 18:15:00,1,85.18,19
2024-01-16 18:30:00,1,86.74,19
2024-01-16 18:45:00,1,88.72,19
2024-01-16 19:00:00,1,90.34,19
2024-01-16 19:15:00,1,92.04,19
2024-01-16 19:30:00,1,93.62,19
2024-01-16 19:45:00,1,95.39,19
2024-01-16 20:00:00,1,96.54,19
2024-01-16 20:15:00,1,98.25,19
2024-01-16 20:30:00,1,99.68,19
2024-01-16 20:45:00,1,100.0,19
2024-01-16 21:00:00,1,1.66,20
2024-01-16 21:15:00,1,3.83,20
2024-01-16 21:30:00,1,5.15,20
2024-01-16 21:45:00,1,7.07,20
2024-01-16 22:00:00,1,9.15,20
2024-01-16 22:15:00,1,10.45,20
2024-01-16 22:30:00,1,12.05,20
2024-01-16 22:45:00,1,14.03,20
2024-01-17 08:00:00,2,15.36,20
2024-01-17 08:15:00,2,16.26,20
2024-01-17 08:30:00,2,17.56,20
2024-01-17 08:45:00,2,18.7,20
2024-01-17 09:00:00,2,20.06,20
2024-01-17 09:15:00,2,20.81,20
2024-01-17 09:30:00,2,21.74,20
2024-01-17 09:45:00,2,22.93,20
2024-01-17 10:00:00,2,25.05,20
2024-01-17 10:15:00,2,27.02,20
2024-01-17 10:30:00,2,28.79,20
2024-01-17 10:45:00,2,30.54,20
2024-01-17 11:00:00,2,31.91,20
2024-01-17 11:15:00,2,34.45,20
2024-01-17 11:30:00,2,36.57,20
2024-01-17 11:45:00,2,38.71,20
2024-01-17 12:00:00,2,46.9,20
2024-01-17 12:15:00,2,55.1,20
2024-01-17 12:30:00,2,63.02,20
2024-01-17 12:45:00,2,71.12,20
2024-01-17 13:00:00,2,78.7,20
2024-01-17 13:15:00,2,87.45,20
2024-01-17 13:30:00,2,95.81,20
2024-01-17 13:45:00,2,100.0,20
2024-01-17 14:00:00,2,2.96,21
2024-01-17 14:15:00,2,5.73,21
2024-01-17 14:30:00,2,8.88,21
2024-01-17 14:45:00,2,11.71,21
2024-01-17 15:00:00,2,14.9,21
2024-01-17 15:15:00,2,18.23,21
2024-01-17 15:30:00,2,21.15,21
2024-01-17 15:45:00,2,24.19,21
2024-01-17 16:00:00,2,26.99,21
2024-01-17 16:15:00,2,29.98,21
2024-01-17 16:30:00,2,33.31,21
2024-01-17 16:45:00,2,36.1,21
2024-01-17 17:00:00,2,37.56,21
2024-01-17 17:15:00,2,38.7,21
2024-01-17 17:30:00,2,40.17,21
2024-01-17 17:45:00,2,40.93,21
2024-01-17 18:00:00,2,42.47,21
2024-01-17 18:15:00,2,44.23,21
2024-01-17 18:30:00,2,45.85,21
2024-01-17 18:45:00,2,47.46,21
2024-01-17 19:00:00,2,48.96,21
2024-01-17 19:15:00,2,50.63,21
2024-01-17 19:30:00,2,52.53,21
2024-01-17 19:45:00,2,53.76,21
2024-01-17 20:00:00,2,54.95,21
2024-01-17 20:15:00,2,56.73,21
2024-01-17 20:30:00,2,58.56,21
2024-01-17 20:45:00,2,60.04,21
2024-01-17 21:00:00,2,61.9,21
2024-01-17 21:15:00,2,63.41,21
2024-01-17 21:30:00,2,65.24,21
2024-01-17 21:45:00,2,67.13,21
2024-01-17 22:00:00,2,68.62,21
2024-01-17 22:15:00,2,69.44,21
2024-01-17 22:30:00,2,71.13,21
2024-01-17 22:45:00,2,72.53,21
2024-01-18 08:00:00,3,73.51,21
2024-01-18 08:15:00,3,74.68,21
2024-01-18 08:30:00,3,75.92,21
2024-01-18 08:45:00,3,77.05,21
2024-01-18 09:00:00,3,77.96,21
2024-01-18 09:15:00,3,79.03,21
2024-01-18 09:30:00,3,80.22,21
2024-01-18 09:45:00,3,81.65,21
2024-01-18 10:00:00,3,84.02,21
2024-01-18 10:15:00,3,85.74,21
2024-01-18 10:30:00,3,88.2,21
2024-01-18 10:45:00,3,90.64,21
2024-01-18 11:00:00,3,92.54,21
2024-01-18 11:15:00,3,94.47,21
2024-01-18 11:30:00,3,95.97,21
2024-01-18 11:45:00,3,97.97,21
2024-01-18 12:00:00,3,100.0,21
2024-01-18 12:15:00,3,7.57,22
2024-01-18 12:30:00,3,15.42,22
2024-01-18 12:45:00,3,23.68,22
2024-01-18 13:00:00,3,31.94,22
2024-01-18 13:15:00,3,39.98,22
2024-01-18 13:30:00,3,47.72,22
2024-01-18 13:45:00,3,55.47,22
2024-01-18 14:00:00,3,58.67,22
2024-01-18 14:15:00,3,61.85,22
2024-01-18 14:30:00,3,64.97,22
2024-01-18 14:45:00,3,67.5,22
2024-01-18 15:00:00,3,70.22,22
2024-01-18 15:15:00,3,73.01,22
2024-01-18 15:30:00,3,75.52,22
2024-01-18 15:45:00,3,78.79,22
2024-01-18 16:00:00,3,81.8,22
2024-01-18 16:15:00,3,84.58,22
2024-01-18 16:30:00,3,87.75,22
2024-01-18 16:45:00,3,90.54,22
2024-01-18 17:00:00,3,92.12,22
2024-01-18 17:15:00,3,93.7,22
2024-01-18 17:30:00,3,95.22,22
2024-01-18 17:45:00,3,96.57,22
2024-01-18 18:00:00,3,98.46,22
2024-01-18 18:15:00,3,100.0,22
2024-01-18 18:30:00,3,1.6,23
2024-01-18 18:45:00,3,2.63,23
2024-01-18 19:00:00,3,3.86,23
2024-01-18 19:15:00,3,5.79,23
2024-01-18 19:30:00,3,7.19,23
2024-01-18 19:45:00,3,8.83,23
2024-01-18 20:00:00,3,10.45,23
2024-01-18 20:15:00,3,11.89,23
2024-01-18 20:30:00,3,13.49,23
2024-01-18 20:45:00,3,14.67,23
2024-01-18 21:00:00,3,16.32,23
2024-01-18 21:15:00,3,17.56,23
2024-01-18 21:30:00,3,18.79,23
2024-01-18 21:45:00,3,20.09,23
2024-01-18 22:00:00,3,21.01,23
2024-01-18 22:15:00,3,22.32,23
2024-01-18 22:30:00,3,23.83,23
2024-01-18 22:45:00,3,25.07,23
2024-01-19 08:00:00,4,25.7,23
2024-01-19 08:15:00,4,26.6,23
2024-01-19 08:30:00,4,27.39,23
2024-01-19 08:45:00,4,28.47,23
2024-01-19 09:00:00,4,28.94,23
2024-01-19 09:15:00,4,29.92,23
2024-01-19 09:30:00,4,30.42,23
2024-01-19 09:45:00,4,31.75,23
2024-01-19 10:00:00,4,33.76,23
2024-01-19 10:15:00,4,35.33,23
2024-01-19 10:30:00,4,37.64,23
2024-01-19 10:45:00,4,40.31,23
2024-01-19 11:00:00,4,41.99,23
2024-01-19 11:15:00,4,43.64,23
2024-01-19 11:30:00,4,45.86,23
2024-01-19 11:45:00,4,47.87,23
2024-01-19 12:00:00,4,55.27,23
2024-01-19 12:15:00,4,63.4,23
2024-01-19 12:30:00,4,71.3,23
2024-01-19 12:45:00,4,79.7,23
2024-01-19 13:00:00,4,88.19,23
2024-01-19 13:15:00,4,96.06,23
2024-01-19 13:30:00,4,100.0,23
2024-01-19 13:45:00,4,7.92,24
2024-01-19 14:00:00,4,11.33,24
2024-01-19 14:15:00,4,14.33,24
2024-01-19 14:30:00,4,17.08,24
2024-01-19 14:45:00,4,19.5,24
2024-01-19 15:00:00,4,22.43,24
2024-01-19 15:15:00,4,25.02,24
2024-01-19 15:30:00,4,27.71,24
2024-01-19 15:45:00,4,30.98,24
2024-01-19 16:00:00,4,33.79,24
2024-01-19 16:15:00,4,36.96,24
2024-01-19 16:30:00,4,40.13,24
2024-01-19 16:45:00,4,43.03,24
2024-01-19 17:00:00,4,44.25,24
2024-01-19 17:15:00,4,45.5,24
2024-01-19 17:30:00,4,47.14,24
2024-01-19 17:45:00,4,48.55,24
2024-01-19 18:00:00,4,50.25,24
2024-01-19 18:15:00,4,51.4,24
2024-01-19 18:30:00,4,53.06,24
2024-01-19 18:45:00,4,54.83,24
2024-01-19 19:00:00,4,56.47,24
2024-01-19 19:15:00,4,57.96,24
2024-01-19 19:30:00,4,59.59,24
2024-01-19 19:45:00,4,61.29,24
2024-01-19 20:00:00,4,62.51,24
2024-01-19 20:15:00,4,63.94,24
2024-01-19 20:30:00,4,65.48,24
2024-01-19 20:45:00,4,66.66,24
2024-01-19 21:00:00,4,68.09,24
2024-01-19 21:15:00,4,69.42,24
2024-01-19 21:30:00,4,71.09,24
2024-01-19 21:45:00,4,72.18,24
2024-01-19 22:00:00,4,73.91,24
2024-01-19 22:15:00,4,75.5,24
2024-01-19 22:30:00,4,77.28,24
2024-01-19 22:45:00,4,78.17,24
2024-01-20 08:00:00,5,78.67,24
2024-01-20 08:15:00,5,78.67,24
2024-01-20 08:30:00,5,78.87,24
2024-01-20 08:45:00,5,79.86,24
2024-01-20 09:00:00,5,80.1,24
2024-01-20 09:15:00,5,80.87,24
2024-01-20 09:30:00,5,81.8,24
2024-01-20 09:45:00,5,82.38,24
2024-01-20 10:00:00,5,82.97,24
2024-01-20 10:15:00,5,83.78,24
2024-01-20 10:30:00,5,84.52,24
2024-01-20 10:45:00,5,84.98,24
2024-01-20 11:00:00,5,85.66,24
2024-01-20 11:15:00,5,85.94,24
2024-01-20 11:30:00,5,86.43,24
2024-01-20 11:45:00,5,87.69,24
2024-01-20 12:00:00,5,88.38,24
2024-01-20 12:15:00,5,89.76,24
2024-01-20 12:30:00,5,90.54,24
2024-01-20 12:45:00,5,92.11,24
2024-01-20 13:00:00,5,93.7,24
2024-01-20 13:15:00,5,94.55,24
2024-01-20 13:30:00,5,95.01,24
2024-01-20 13:45:00,5,95.95,24
2024-01-20 14:00:00,5,96.52,24
2024-01-20 14:15:00,5,96.82,24
2024-01-20 14:30:00,5,97.58,24
2024-01-20 14:45:00,5,97.92,24
2024-01-20 15:00:00,5,98.52,24
2024-01-20 15:15:00,5,99.05,24
2024-01-20 15:30:00,5,99.05,24
2024-01-20 15:45:00,5,100.0,24
2024-01-20 16:00:00,5,0.21,25
2024-01-20 16:15:00,5,0.56,25
2024-01-20 16:30:00,5,0.68,25
2024-01-20 16:45:00,5,1.62,25
2024-01-20 17:00:00,5,2.39,25
2024-01-20 17:15:00,5,2.92,25
2024-01-20 17:30:00,5,3.14,25
2024-01-20 17:45:00,5,3.64,25
2024-01-20 18:00:00,5,4.57,25
2024-01-20 18:15:00,5,5.02,25
2024-01-20 18:30:00,5,5.47,25
2024-01-20 18:45:00,5,5.8,25
2024-01-20 19:00:00,5,6.15,25
2024-01-20 19:15:00,5,6.54,25
2024-01-20 19:30:00,5,6.97,25
2024-01-20 19:45:00,5,7.0,25
2024-01-20 20:00:00,5,7.0,25
2024-01-20 20:15:00,5,7.81,25
2024-01-20 20:30:00,5,8.6,25
2024-01-20 20:45:00,5,8.9,25
2024-01-20 21:00:00,5,9.4,25
2024-01-20 21:15:00,5,9.73,25
2024-01-20 21:30:00,5,10.33,25
2024-01-20 21:45:00,5,10.92,25
2024-01-20 22:00:00,5,11.45,25
2024-01-20 22:15:00,5,11.61,25
2024-01-20 22:30:00,5,12.07,25
2024-01-20 22:45:00,5,12.16,25
2024-01-21 08:00:00,6,12.92,25
2024-01-21 08:15:00,6,13.4,25
2024-01-21 08:30:00,6,13.94,25
2024-01-21 08:45:00,6,14.76,25
2024-01-21 09:00:00,6,14.96,25
2024-01-21 09:15:00,6,15.19,25
2024-01-21 09:30:00,6,15.84,25
2024-01-21 09:45:00,6,16.04,25
2024-01-21 10:00:00,6,16.45,25
2024-01-21 10:15:00,6,17.22,25
2024-01-21 10:30:00,6,17.94,25
2024-01-21 10:45:00,6,18.54,25
2024-01-21 11:00:00,6,19.08,25
2024-01-21 11:15:00,6,19.26,25
2024-01-21 11:30:00,6,19.72,25
2024-01-21 11:45:00,6,20.2,25
2024-01-21 12:00:00,6,21.21,25
2024-01-21 12:15:00,6,22.56,25
2024-01-21 12:30:00,6,24.21,25
2024-01-21 12:45:00,6,24.74,25
2024-01-21 13:00:00,6,25.98,25
2024-01-21 13:15:00,6,26.34,25
2024-01-21 13:30:00,6,27.62,25
2024-01-21 13:45:00,6,28.75,25
2024-01-21 14:00:00,6,29.06,25
2024-01-21 14:15:00,6,29.67,25
2024-01-21 14:30:00,6,30.17,25
2024-01-21 14:45:00,6,30.49,25
2024-01-21 15:00:00,6,31.5,25
2024-01-21 15:15:00,6,31.84,25
2024-01-21 15:30:00,6,32.03,25
2024-01-21 15:45:00,6,33.07,25
2024-01-21 16:00:00,6,33.36,25
2024-01-21 16:15:00,6,33.4,25
2024-01-21 16:30:00,6,33.4,25
2024-01-21 16:45:00,6,34.28,25
2024-01-21 17:00:00,6,35.02,25
2024-01-21 17:15:00,6,35.11,25
2024-01-21 17:30:00,6,35.65,25
2024-01-21 17:45:00,6,36.24,25
2024-01-21 18:00:00,6,36.55,25
2024-01-21 18:15:00,6,37.0,25
2024-01-21 18:30:00,6,37.75,25
2024-01-21 18:45:00,6,37.96,25
2024-01-21 19:00:00,6,38.57,25
2024-01-21 19:15:00,6,38.92,25
2024-01-21 19:30:00,6,39.4,25
2024-01-21 19:45:00,6,40.35,25
2024-01-21 20:00:00,6,40.86,25
2024-01-21 20:15:00,6,41.45,25
2024-01-21 20:30:00,6,42.07,25
2024-01-21 20:45:00,6,42.38,25
2024-01-21 21:00:00,6,43.36,25
2024-01-21 21:15:00,6,43.75,25
2024-01-21 21:30:00,6,43.95,25
2024-01-21 21:45:00,6,44.57,25
2024-01-21 22:00:00,6,45.46,25
2024-01-21 22:15:00,6,46.69,25
2024-01-21 22:30:00,6,47.25,25
2024-01-21 22:45:00,6,47.57,25
2024-01-22 08:00:00,0,48.39,25
2024-01-22 08:15:00,0,49.38,25
2024-01-22 08:30:00,0,50.39,25
2024-01-22 08:45:00,0,51.37,25
2024-01-22 09:00:00,0,51.82,25
2024-01-22 09:15:00,0,53.06,25
2024-01-22 09:30:00,0,54.12,25
2024-01-22 09:45:00,0,55.85,25
2024-01-22 10:00:00,0,58.1,25
2024-01-22 10:15:00,0,60.34,25
2024-01-22 10:30:00,0,61.65,25
2024-01-22 10:45:00,0,63.81,25
2024-01-22 11:00:00,0,65.94,25
2024-01-22 11:15:00,0,67.77,25
2024-01-22 11:30:00,0,69.64,25
2024-01-22 11:45:00,0,71.67,25
2024-01-22 12:00:00,0,79.17,25
2024-01-22 12:15:00,0,86.98,25
2024-01-22 12:30:00,0,95.09,25
2024-01-22 12:45:00,0,100.0,25
2024-01-22 13:00:00,0,7.31,26
2024-01-22 13:15:00,0,15.63,26
2024-01-22 13:30:00,0,23.53,26
2024-01-22 13:45:00,0,31.08,26
2024-01-22 14:00:00,0,34.68,26
2024-01-22 14:15:00,0,37.96,26
2024-01-22 14:30:00,0,40.99,26
2024-01-22 14:45:00,0,43.97,26
2024-01-22 15:00:00,0,47.18,26
2024-01-22 15:15:00,0,50.46,26
2024-01-22 15:30:00,0,53.76,26
2024-01-22 15:45:00,0,56.71,26
2024-01-22 16:00:00,0,59.39,26
2024-01-22 16:15:00,0,61.96,26
2024-01-22 16:30:00,0,64.87,26
2024-01-22 16:45:00,0,68.12,26
2024-01-22 17:00:00,0,69.29,26
2024-01-22 17:15:00,0,71.12,26
2024-01-22 17:30:00,0,72.8,26
2024-01-22 17:45:00,0,73.37,26
2024-01-22 18:00:00,0,74.96,26
2024-01-22 18:15:00,0,76.25,26
2024-01-22 18:30:00,0,77.24,26
2024-01-22 18:45:00,0,78.99,26
2024-01-22 19:00:00,0,79.92,26
2024-01-22 19:15:00,0,81.34,26
2024-01-22 19:30:00,0,83.26,26
2024-01-22 19:45:00,0,84.88,26
2024-01-22 20:00:00,0,86.44,26
2024-01-22 20:15:00,0,87.96,26
2024-01-22 20:30:00,0,89.33,26
2024-01-22 20:45:00,0,91.12,26
2024-01-22 21:00:00,0,92.75,26
2024-01-22 21:15:00,0,94.35,26
2024-01-22 21:30:00,0,95.26,26
2024-01-22 21:45:00,0,97.26,26
2024-01-22 22:00:00,0,99.06,26
2024-01-22 22:15:00,0,100.0,26
2024-01-22 22:30:00,0,1.23,27
2024-01-22 22:45:00,0,2.83,27
2024-01-23 08:00:00,1,3.86,27
2024-01-23 08:15:00,1,5.26,27
2024-01-23 08:30:00,1,6.58,27
2024-01-23 08:45:00,1,7.66,27
2024-01-23 09:00:00,1,8.5,27
2024-01-23 09:15:00,1,9.38,27
2024-01-23 09:30:00,1,10.29,27
2024-01-23 09:45:00,1,11.51,27
2024-01-23 10:00:00,1,13.38,27
2024-01-23 10:15:00,1,14.99,27
2024-01-23 10:30:00,1,17.15,27
2024-01-23 10:45:00,1,19.04,27
2024-01-23 11:00:00,1,21.3,27
2024-01-23 11:15:00,1,23.31,27
2024-01-23 11:30:00,1,25.68,27
2024-01-23 11:45:00,1,27.79,27
2024-01-23 12:00:00,1,35.15,27
2024-01-23 12:15:00,1,43.31,27
2024-01-23 12:30:00,1,51.32,27
2024-01-23 12:45:00,1,59.1,27
2024-01-23 13:00:00,1,66.95,27
2024-01-23 13:15:00,1,74.63,27
2024-01-23 13:30:00,1,82.66,27
2024-01-23 13:45:00,1,90.8,27
2024-01-23 14:00:00,1,94.1,27
2024-01-23 14:15:00,1,97.03,27
2024-01-23 14:30:00,1,99.67,27
2024-01-23 14:45:00,1,100.0,27
2024-01-23 15:00:00,1,2.62,28
2024-01-23 15:15:00,1,5.69,28
2024-01-23 15:30:00,1,8.69,28
2024-01-23 15:45:00,1,11.65,28
2024-01-23 16:00:00,1,14.2,28
2024-01-23 16:15:00,1,17.03,28
2024-01-23 16:30:00,1,20.26,28
2024-01-23 16:45:00,1,23.16,28
2024-01-23 17:00:00,1,24.39,28
2024-01-23 17:15:00,1,25.51,28
2024-01-23 17:30:00,1,27.32,28
2024-01-23 17:45:00,1,28.73,28
2024-01-23 18:00:00,1,30.45,28
2024-01-23 18:15:00,1,32.14,28
2024-01-23 18:30:00,1,32.99,28
2024-01-23 18:45:00,1,34.76,28
2024-01-23 19:00:00,1,35.94,28
2024-01-23 19:15:00,1,37.45,28
2024-01-23 19:30:00,1,38.99,28
2024-01-23 19:45:00,1,40.83,28
2024-01-23 20:00:00,1,42.77,28
2024-01-23 20:15:00,1,44.59,28
2024-01-23 20:30:00,1,45.81,28
2024-01-23 20:45:00,1,47.02,28
2024-01-23 21:00:00,1,48.07,28
2024-01-23 21:15:00,1,49.46,28
2024-01-23 21:30:00,1,50.88,28
2024-01-23 21:45:00,1,52.65,28
2024-01-23 22:00:00,1,53.75,28
2024-01-23 22:15:00,1,55.4,28
2024-01-23 22:30:00,1,57.24,28
2024-01-23 22:45:00,1,58.88,28
2024-01-24 08:00:00,2,59.76,28
2024-01-24 08:15:00,2,60.97,28
2024-01-24 08:30:00,2,61.12,28
2024-01-24 08:45:00,2,62.67,28
2024-01-24 09:00:00,2,63.62,28
2024-01-24 09:15:00,2,64.87,28
2024-01-24 09:30:00,2,66.09,28
2024-01-24 09:45:00,2,66.81,28
2024-01-24 10:00:00,2,68.58,28
2024-01-24 10:15:00,2,70.77,28
2024-01-24 10:30:00,2,72.49,28
2024-01-24 10:45:00,2,74.13,28
2024-01-24 11:00:00,2,75.37,28
2024-01-24 11:15:00,2,77.29,28
2024-01-24 11:30:00,2,79.56,28
2024-01-24 11:45:00,2,81.39,28
2024-01-24 12:00:00,2,89.15,28
2024-01-24 12:15:00,2,96.9,28
2024-01-24 12:30:00,2,100.0,28
2024-01-24 12:45:00,2,8.11,29
2024-01-24 13:00:00,2,15.96,29
2024-01-24 13:15:00,2,24.61,29
2024-01-24 13:30:00,2,32.63,29
2024-01-24 13:45:00,2,40.62,29
2024-01-24 14:00:00,2,43.97,29
2024-01-24 14:15:00,2,46.94,29
2024-01-24 14:30:00,2,50.03,29
2024-01-24 14:45:00,2,52.74,29
2024-01-24 15:00:00,2,55.8,29
2024-01-24 15:15:00,2,59.03,29
2024-01-24 15:30:00,2,62.66,29
2024-01-24 15:45:00,2,65.67,29
2024-01-24 16:00:00,2,68.47,29
2024-01-24 16:15:00,2,71.44,29
2024-01-24 16:30:00,2,74.45,29
2024-01-24 16:45:00,2,77.41,29
2024-01-24 17:00:00,2,78.95,29
2024-01-24 17:15:00,2,80.63,29
2024-01-24 17:30:00,2,82.07,29
2024-01-24 17:45:00,2,83.59,29
2024-01-24 18:00:00,2,85.25,29
2024-01-24 18:15:00,2,86.87,29
2024-01-24 18:30:00,2,88.41,29
2024-01-24 18:45:00,2,89.74,29
2024-01-24 19:00:00,2,91.42,29
2024-01-24 19:15:00,2,92.78,29
2024-01-24 19:30:00,2,94.23,29
2024-01-24 19:45:00,2,95.72,29
2024-01-24 20:00:00,2,97.28,29
2024-01-24 20:15:00,2,98.8,29
2024-01-24 20:30:00,2,100.0,29
2024-01-24 20:45:00,2,1.53,30
2024-01-24 21:00:00,2,3.42,30
2024-01-24 21:15:00,2,4.85,30
2024-01-24 21:30:00,2,6.36,30
2024-01-24 21:45:00,2,8.19,30
2024-01-24 22:00:00,2,9.55,30
2024-01-24 22:15:00,2,11.08,30
2024-01-24 22:30:00,2,12.44,30
2024-01-24 22:45:00,2,14.42,30
2024-01-25 08:00:00,3,15.3,30
2024-01-25 08:15:00,3,16.33,30
2024-01-25 08:30:00,3,17.53,30
2024-01-25 08:45:00,3,18.23,30
2024-01-25 09:00:00,3,19.38,30
2024-01-25 09:15:00,3,20.6,30
2024-01-25 09:30:00,3,21.85,30
2024-01-25 09:45:00,3,22.45,30
2024-01-25 10:00:00,3,24.2,30
2024-01-25 10:15:00,3,26.39,30
2024-01-25 10:30:00,3,28.39,30
2024-01-25 10:45:00,3,30.43,30
2024-01-25 11:00:00,3,33.09,30
2024-01-25 11:15:00,3,35.52,30
2024-01-25 11:30:00,3,37.57,30
2024-01-25 11:45:00,3,39.08,30
2024-01-25 12:00:00,3,47.3,30
2024-01-25 12:15:00,3,55.52,30
2024-01-25 12:30:00,3,63.12,30
2024-01-25 12:45:00,3,70.85,30
2024-01-25 13:00:00,3,78.63,30
2024-01-25 13:15:00,3,86.75,30
2024-01-25 13:30:00,3,94.66,30
2024-01-25 13:45:00,3,100.0,30
2024-01-25 14:00:00,3,2.92,31
2024-01-25 14:15:00,3,5.86,31
2024-01-25 14:30:00,3,8.98,31
2024-01-25 14:45:00,3,12.31,31
2024-01-25 15:00:00,3,15.13,31
2024-01-25 15:15:00,3,18.27,31
2024-01-25 15:30:00,3,21.6,31
2024-01-25 15:45:00,3,24.57,31
2024-01-25 16:00:00,3,28.05,31
2024-01-25 16:15:00,3,31.34,31
2024-01-25 16:30:00,3,33.44,31
2024-01-25 16:45:00,3,36.81,31
2024-01-25 17:00:00,3,37.92,31
2024-01-25 17:15:00,3,39.22,31
2024-01-25 17:30:00,3,41.08,31
2024-01-25 17:45:00,3,42.29,31
2024-01-25 18:00:00,3,43.48,31
2024-01-25 18:15:00,3,44.77,31
2024-01-25 18:30:00,3,46.02,31
2024-01-25 18:45:00,3,47.97,31
2024-01-25 19:00:00,3,49.36,31
2024-01-25 19:15:00,3,50.88,31
2024-01-25 19:30:00,3,52.58,31
2024-01-25 19:45:00,3,53.8,31
2024-01-25 20:00:00,3,55.11,31
2024-01-25 20:15:00,3,56.95,31
2024-01-25 20:30:00,3,58.66,31
2024-01-25 20:45:00,3,59.94,31
2024-01-25 21:00:00,3,61.4,31
2024-01-25 21:15:00,3,62.76,31
2024-01-25 21:30:00,3,64.36,31
2024-01-25 21:45:00,3,65.58,31
2024-01-25 22:00:00,3,67.23,31
2024-01-25 22:15:00,3,68.64,31
2024-01-25 22:30:00,3,70.15,31
2024-01-25 22:45:00,3,71.93,31
2024-01-26 08:00:00,4,73.41,31
2024-01-26 08:15:00,4,74.65,31
2024-01-26 08:30:00,4,75.43,31
2024-01-26 08:45:00,4,76.13,31
2024-01-26 09:00:00,4,77.38,31
2024-01-26 09:15:00,4,78.72,31
2024-01-26 09:30:00,4,79.85,31
2024-01-26 09:45:00,4,81.39,31
2024-01-26 10:00:00,4,83.45,31
2024-01-26 10:15:00,4,85.19,31
2024-01-26 10:30:00,4,87.02,31
2024-01-26 10:45:00,4,89.29,31
2024-01-26 11:00:00,4,91.76,31
2024-01-26 11:15:00,4,93.88,31
2024-01-26 11:30:00,4,95.6,31
2024-01-26 11:45:00,4,97.83,31
2024-01-26 12:00:00,4,100.0,31
2024-01-26 12:15:00,4,8.16,32
2024-01-26 12:30:00,4,15.39,32
2024-01-26 12:45:00,4,23.14,32
2024-01-26 13:00:00,4,31.12,32
2024-01-26 13:15:00,4,39.28,32
2024-01-26 13:30:00,4,47.41,32
2024-01-26 13:45:00,4,55.51,32
2024-01-26 14:00:00,4,58.63,32
2024-01-26 14:15:00,4,61.93,32
2024-01-26 14:30:00,4,65.63,32
2024-01-26 14:45:00,4,68.64,32
2024-01-26 15:00:00,4,71.85,32
2024-01-26 15:15:00,4,74.85,32
2024-01-26 15:30:00,4,77.71,32
2024-01-26 15:45:00,4,80.85,32
2024-01-26 16:00:00,4,84.02,32
2024-01-26 16:15:00,4,86.5,32
2024-01-26 16:30:00,4,90.18,32
2024-01-26 16:45:00,4,93.02,32
2024-01-26 17:00:00,4,94.94,32
2024-01-26 17:15:00,4,96.59,32
2024-01-26 17:30:00,4,97.99,32
2024-01-26 17:45:00,4,99.32,32
2024-01-26 18:00:00,4,100.0,32
2024-01-26 18:15:00,4,1.28,33
2024-01-26 18:30:00,4,2.73,33
2024-01-26 18:45:00,4,4.48,33
2024-01-26 19:00:00,4,5.72,33
2024-01-26 19:15:00,4,6.99,33
2024-01-26 19:30:00,4,8.68,33
2024-01-26 19:45:00,4,10.05,33
2024-01-26 20:00:00,4,11.32,33
2024-01-26 20:15:00,4,12.91,33
2024-01-26 20:30:00,4,14.33,33
2024-01-26 20:45:00,4,15.76,33
2024-01-26 21:00:00,4,17.09,33
2024-01-26 21:15:00,4,18.56,33
2024-01-26 21:30:00,4,19.93,33
2024-01-26 21:45:00,4,21.36,33
2024-01-26 22:00:00,4,22.61,33
2024-01-26 22:15:00,4,24.55,33
2024-01-26 22:30:00,4,26.14,33
2024-01-26 22:45:00,4,27.87,33
2024-01-27 08:00:00,5,28.39,33
2024-01-27 08:15:00,5,28.97,33
2024-01-27 08:30:00,5,29.73,33
2024-01-27 08:45:00,5,30.12,33
2024-01-27 09:00:00,5,30.12,33
2024-01-27 09:15:00,5,30.67,33
2024-01-27 09:30:00,5,31.5,33
2024-01-27 09:45:00,5,31.96,33
2024-01-27 10:00:00,5,31.96,33
2024-01-27 10:15:00,5,32.72,33
2024-01-27 10:30:00,5,33.49,33
2024-01-27 10:45:00,5,33.83,33
2024-01-27 11:00:00,5,34.08,33
2024-01-27 11:15:00,5,34.97,33
2024-01-27 11:30:00,5,35.15,33
2024-01-27 11:45:00,5,35.65,33
2024-01-27 12:00:00,5,37.6,33
2024-01-27 12:15:00,5,38.37,33
2024-01-27 12:30:00,5,39.52,33
2024-01-27 12:45:00,5,40.55,33
2024-01-27 13:00:00,5,41.61,33
2024-01-27 13:15:00,5,42.75,33
2024-01-27 13:30:00,5,43.42,33
2024-01-27 13:45:00,5,44.79,33
2024-01-27 14:00:00,5,44.98,33
2024-01-27 14:15:00,5,45.23,33
2024-01-27 14:30:00,5,45.52,33
2024-01-27 14:45:00,5,46.44,33
2024-01-27 15:00:00,5,47.0,33
2024-01-27 15:15:00,5,47.56,33
2024-01-27 15:30:00,5,48.24,33
2024-01-27 15:45:00,5,48.99,33
2024-01-27 16:00:00,5,49.25,33
2024-01-27 16:15:00,5,49.48,33
2024-01-27 16:30:00,5,50.32,33
2024-01-27 16:45:00,5,50.68,33
2024-01-27 17:00:00,5,51.2,33
2024-01-27 17:15:00,5,51.23,33
2024-01-27 17:30:00,5,51.94,33
2024-01-27 17:45:00,5,52.18,33
2024-01-27 18:00:00,5,52.8,33
2024-01-27 18:15:00,5,53.47,33
2024-01-27 18:30:00,5,54.15,33
2024-01-27 18:45:00,5,54.49,33
2024-01-27 19:00:00,5,55.05,33
2024-01-27 19:15:00,5,55.67,33
2024-01-27 19:30:00,5,55.89,33
2024-01-27 19:45:00,5,55.89,33
2024-01-27 20:00:00,5,55.89,33
2024-01-27 20:15:00,5,56.5,33
2024-01-27 20:30:00,5,57.06,33
2024-01-27 20:45:00,5,57.45,33
2024-01-27 21:00:00,5,58.07,33
2024-01-27 21:15:00,5,58.75,33
2024-01-27 21:30:00,5,59.7,33
2024-01-27 21:45:00,5,60.5,33
2024-01-27 22:00:00,5,60.67,33
2024-01-27 22:15:00,5,61.13,33
2024-01-27 22:30:00,5,61.78,33
2024-01-27 22:45:00,5,62.36,33
2024-01-28 08:00:00,6,62.97,33
2024-01-28 08:15:00,6,63.42,33
2024-01-28 08:30:00,6,63.96,33
2024-01-28 08:45:00,6,64.59,33
2024-01-28 09:00:00,6,65.21,33
2024-01-28 09:15:00,6,66.43,33
2024-01-28 09:30:00,6,67.01,33
2024-01-28 09:45:00,6,67.47,33
2024-01-28 10:00:00,6,67.79,33
2024-01-28 10:15:00,6,68.17,33
2024-01-28 10:30:00,6,68.83,33
2024-01-28 10:45:00,6,69.56,33
2024-01-28 11:00:00,6,69.82,33
2024-01-28 11:15:00,6,70.19,33
2024-01-28 11:30:00,6,70.33,33
2024-01-28 11:45:00,6,70.88,33
2024-01-28 12:00:00,6,71.76,33
2024-01-28 12:15:00,6,73.04,33
2024-01-28 12:30:00,6,74.26,33
2024-01-28 12:45:00,6,75.45,33
2024-01-28 13:00:00,6,76.39,33
2024-01-28 13:15:00,6,76.94,33
2024-01-28 13:30:00,6,78.56,33
2024-01-28 13:45:00,6,79.76,33
2024-01-28 14:00:00,6,80.68,33
2024-01-28 14:15:00,6,81.34,33
2024-01-28 14:30:00,6,82.04,33
2024-01-28 14:45:00,6,82.72,33
2024-01-28 15:00:00,6,83.28,33
2024-01-28 15:15:00,6,83.94,33
2024-01-28 15:30:00,6,84.43,33
2024-01-28 15:45:00,6,85.12,33
2024-01-28 16:00:00,6,85.4,33
2024-01-28 16:15:00,6,86.03,33
2024-01-28 16:30:00,6,86.72,33
2024-01-28 16:45:00,6,87.51,33
2024-01-28 17:00:00,6,87.94,33
2024-01-28 17:15:00,6,88.29,33
2024-01-28 17:30:00,6,88.48,33
2024-01-28 17:45:00,6,88.78,33
2024-01-28 18:00:00,6,89.26,33
2024-01-28 18:15:00,6,89.56,33
2024-01-28 18:30:00,6,90.16,33
2024-01-28 18:45:00,6,91.13,33
2024-01-28 19:00:00,6,91.51,33
2024-01-28 19:15:00,6,91.51,33
2024-01-28 19:30:00,6,91.51,33
2024-01-28 19:45:00,6,92.24,33
2024-01-28 20:00:00,6,92.27,33
2024-01-28 20:15:00,6,92.81,33
2024-01-28 20:30:00,6,93.06,33
2024-01-28 20:45:00,6,93.32,33
2024-01-28 21:00:00,6,94.33,33
2024-01-28 21:15:00,6,94.43,33
2024-01-28 21:30:00,6,95.29,33
2024-01-28 21:45:00,6,97.02,33
2024-01-28 22:00:00,6,97.34,33
2024-01-28 22:15:00,6,97.68,33
2024-01-28 22:30:00,6,98.38,33
2024-01-28 22:45:00,6,98.96,33
